<?xml version="1.0" encoding="UTF-8"?>
<delivery name="Database Generic Model" refUID="1" admin="false" first="false" dbVendor="JDBC">
	<release mode="range">
		<initial major="1" minor="0" iteration="6" patch="6" revision="0" create="false"/>
		<target major="1" minor="0" iteration="6" patch="7" revision="0"/>
	</release>
	<category name="sysdbaScripts" path="SYSDBA"/>
	<category name="dataDeletions" path="DATADEL"/>
	<category name="ddlScripts" path="DDL">
		<deliveryItem name="oracle.database_generic_model_1.0.6.7" artefact="oracle.database_generic_model_1.0.6.7.sql" artefactType="SQL" vendor="ORACLE"/>
		<deliveryItem name="mysql.database_generic_model_1.0.6.7" artefact="mysql.database_generic_model_1.0.6.7.sql" artefactType="SQL" vendor="MYSQL"/>
		<deliveryItem name="postgre.database_generic_model_1.0.6.7" artefact="postgre.database_generic_model_1.0.6.7.sql" artefactType="SQL" vendor="POSTGRE"/>
		<deliveryItem name="db2.database_generic_model_1.0.6.7" artefact="db2.database_generic_model_1.0.6.7.sql" artefactType="SQL" vendor="DB2"/>
		<deliveryItem name="jdbc.database_generic_model_1.0.6.7" artefact="jdbc.database_generic_model_1.0.6.7.sql" artefactType="SQL" vendor="JDBC"/>
		<deliveryItem name="derby.database_generic_model_1.0.6.7" artefact="derby.database_generic_model_1.0.6.7.sql" artefactType="SQL" vendor="DERBY"/>
		<deliveryItem name="mssql.database_generic_model_1.0.6.7" artefact="mssql.database_generic_model_1.0.6.7.sql" artefactType="SQL" vendor="MSSQL"/>
	</category>
	<category name="dmlScripts" path="DML">
		<deliveryItem name="migrate_colfuncs" artefact="migrate_colfuncs.sql" artefactType="SQL"/>
	</category>
	<category name="dataDefinitions" path="DATA"/>
	<category name="miscScripts" path="MISC"/>
	<checkRelease>
		<object name="VSQL_SQL_FK" type="INDEX"/>
		<object name="DBGM_UNVERSIONED_SQL" type="TABLE"/>
		<object name="DBGM_DSET_ROWS" type="TABLE"/>
		<object name="DBOM_PHYSICAL_PROPERTIES" type="TABLE"/>
		<object name="ICOL_REF_FK" type="INDEX"/>
		<object name="DBGM_TARGET_SETS" type="TABLE"/>
		<object name="KEY_VREF_FK" type="INDEX"/>
		<object name="UKEY_TAB_FK" type="INDEX"/>
		<object name="LVAL_REF_FK" type="INDEX"/>
		<object name="DBGM_DSET_COL_MASKS" type="TABLE"/>
		<object name="KCOL_VREF_FK" type="INDEX"/>
		<object name="DBGM_DIAGRAM_CONTENTS" type="TABLE"/>
		<object name="LVAL_DLIN_FK" type="INDEX"/>
		<object name="DBGM_KEY_COLUMNS" type="TABLE"/>
		<object name="INDX_REF_FK" type="INDEX"/>
		<object name="FKEY_RKEY_VREF_FK" type="INDEX"/>
		<object name="DBGM_PROCEDURES" type="TABLE"/>
		<object name="DBGM_DATA_LINES" type="TABLE"/>
		<object name="DBGM_SQL" type="TABLE"/>
		<object name="DBGM_USER_TYPES" type="TABLE"/>
		<object name="DBGM_DATA_SETS" type="TABLE"/>
		<object name="DBGM_TYPE_COLUMNS" type="TABLE"/>
		<object name="DBGM_SEQUENCES" type="TABLE"/>
		<object name="DTYP_DOM_FK" type="INDEX"/>
		<object name="DBGM_TRIGGERS" type="TABLE"/>
		<object name="ICOL_INDEX_FK_I" type="INDEX"/>
		<object name="TYCL_UTYP_FK" type="INDEX"/>
		<object name="DBGM_INDEX_COLUMNS" type="TABLE"/>
		<object name="TRIG_VREF_FK" type="INDEX"/>
		<object name="TYCL_REF_FK" type="INDEX"/>
		<object name="TSET_VVIEW_FK" type="INDEX"/>
		<object name="TCOL_VREF_FK" type="INDEX"/>
		<object name="TCOL_TAB_FK" type="INDEX"/>
		<object name="SQL_SQL_FK" type="INDEX"/>
		<object name="DBGM_INDEX_COLFUNCS" type="TABLE"/>
		<object name="DBGM_UNIQUE_KEYS" type="TABLE"/>
		<object name="DBGM_TABLES" type="TABLE"/>
		<object name="DBCN_TSET_FK" type="INDEX"/>
		<object name="DBGM_DOMAIN_TYPES" type="TABLE"/>
		<object name="DBGM_KEYS" type="TABLE"/>
		<object name="DLIN_DSET_FK" type="INDEX"/>
		<object name="DLIN_REF_FK" type="INDEX"/>
		<object name="DBGM_FOREIGN_KEYS" type="TABLE"/>
		<object name="DSET_VREF_FK" type="INDEX"/>
		<object name="DCONT_DIAG_FK" type="INDEX"/>
		<object name="DBGM_DSET_ROW_VALUES" type="TABLE"/>
		<object name="DCONT_VREF_FK" type="INDEX"/>
		<object name="DSCL_DSET_FK" type="INDEX"/>
		<object name="DBGM_DOMAINS" type="TABLE"/>
		<object name="CMSK_VREF_FK" type="INDEX"/>
		<object name="DBGM_SQL_WRAPPERS" type="TABLE"/>
		<object name="DSFL_FILE_FK" type="INDEX"/>
		<object name="DBGM_PACKAGES" type="TABLE"/>
		<object name="DBGM_LINE_VALUES" type="TABLE"/>
		<object name="WCON_SQL_FK" type="INDEX"/>
		<object name="DBGM_SYNONYMS" type="TABLE"/>
		<object name="DBGM_DSET_COLS" type="TABLE"/>
		<object name="DBGM_WRAPPER_CONTENTS" type="TABLE"/>
		<object name="DBGM_TABLE_COLUMNS" type="TABLE"/>
		<object name="DBGM_CONNECTIONS" type="TABLE"/>
		<object name="DBGM_DIAGRAMS" type="TABLE"/>
		<object name="DBOM_STORAGE_ATTRIBUTES" type="TABLE"/>
		<object name="DBGM_DATASET_FILES" type="TABLE"/>
		<object name="DBGM_INDEXES" type="TABLE"/>
		<object name="DBGM_VIEW_ALIASES" type="TABLE"/>
		<object name="DSET_FILE_FK" type="INDEX"/>
		<object name="DBGM_VERSIONED_SQL" type="TABLE"/>
		<object name="SYN_REF_FK" type="INDEX"/>
		<object name="DBGM_SQL_VIEWS" type="TABLE"/>
		<object name="DBGM_CONNECTIONS.DBCN_ID" type="COLUMN"/>
		<object name="DBGM_CONNECTIONS.CONNECTION_NAME" type="COLUMN"/>
		<object name="DBGM_CONNECTIONS.DESCRIPTION" type="COLUMN"/>
		<object name="DBGM_CONNECTIONS.DBVENDOR" type="COLUMN"/>
		<object name="DBGM_CONNECTIONS.DBLOGIN" type="COLUMN"/>
		<object name="DBGM_CONNECTIONS.DBPASSWORD" type="COLUMN"/>
		<object name="DBGM_CONNECTIONS.DBSID" type="COLUMN"/>
		<object name="DBGM_CONNECTIONS.DBSERVER_IP" type="COLUMN"/>
		<object name="DBGM_CONNECTIONS.DBPORT" type="COLUMN"/>
		<object name="DBGM_CONNECTIONS.TSET_ID" type="COLUMN"/>
		<object name="DBGM_CONNECTIONS.TARGET_TYPE" type="COLUMN"/>
		<object name="DBGM_CONNECTIONS.TNS_ALIAS" type="COLUMN"/>
		<object name="DBGM_CONNECTIONS.DBSCHEMA" type="COLUMN"/>
		<object name="DBGM_DATASET_FILES.DSET_VERSION_ID" type="COLUMN"/>
		<object name="DBGM_DATASET_FILES.FILE_ID" type="COLUMN"/>
		<object name="DBGM_DATASET_FILES.POSITION" type="COLUMN"/>
		<object name="DBGM_DATA_LINES.DSET_VERSION_ID" type="COLUMN"/>
		<object name="DBGM_DATA_LINES.LINE_ID" type="COLUMN"/>
		<object name="DBGM_DATA_LINES.LINE_NO" type="COLUMN"/>
		<object name="DBGM_DATA_LINES.LINE_REFID" type="COLUMN"/>
		<object name="DBGM_DATA_SETS.VERSION_ID" type="COLUMN"/>
		<object name="DBGM_DATA_SETS.TAB_REFID" type="COLUMN"/>
		<object name="DBGM_DATA_SETS.DATASET_NAME" type="COLUMN"/>
		<object name="DBGM_DATA_SETS.DESCRIPTION" type="COLUMN"/>
		<object name="DBGM_DATA_SETS.FILE_GENERATED" type="COLUMN"/>
		<object name="DBGM_DATA_SETS.LOADING_METHOD" type="COLUMN"/>
		<object name="DBGM_DATA_SETS.TERMINATED_BY" type="COLUMN"/>
		<object name="DBGM_DATA_SETS.ENCLOSED_BY" type="COLUMN"/>
		<object name="DBGM_DATA_SETS.ENCLOSED_OPTIONAL" type="COLUMN"/>
		<object name="DBGM_DATA_SETS.FILE_ID" type="COLUMN"/>
		<object name="DBGM_DATA_SETS.CURRENT_ROWID" type="COLUMN"/>
		<object name="DBGM_DIAGRAMS.VERSION_ID" type="COLUMN"/>
		<object name="DBGM_DIAGRAMS.DIAGRAM_NAME" type="COLUMN"/>
		<object name="DBGM_DIAGRAMS.DESCRIPTION" type="COLUMN"/>
		<object name="DBGM_DIAGRAM_CONTENTS.DIAGRAM_ID" type="COLUMN"/>
		<object name="DBGM_DIAGRAM_CONTENTS.CONTENT_ID" type="COLUMN"/>
		<object name="DBGM_DIAGRAM_CONTENTS.CONTENT_REFID" type="COLUMN"/>
		<object name="DBGM_DIAGRAM_CONTENTS.XPOS" type="COLUMN"/>
		<object name="DBGM_DIAGRAM_CONTENTS.YPOS" type="COLUMN"/>
		<object name="DBGM_DIAGRAM_CONTENTS.WIDTH" type="COLUMN"/>
		<object name="DBGM_DIAGRAM_CONTENTS.HEIGHT" type="COLUMN"/>
		<object name="DBGM_DOMAINS.DOM_ID" type="COLUMN"/>
		<object name="DBGM_DOMAINS.DOM_NAME" type="COLUMN"/>
		<object name="DBGM_DOMAINS.DESCRIPTION" type="COLUMN"/>
		<object name="DBGM_DOMAIN_TYPES.DTYP_ID" type="COLUMN"/>
		<object name="DBGM_DOMAIN_TYPES.DOM_ID" type="COLUMN"/>
		<object name="DBGM_DOMAIN_TYPES.VENDOR" type="COLUMN"/>
		<object name="DBGM_DOMAIN_TYPES.DATATYPE_NAME" type="COLUMN"/>
		<object name="DBGM_DOMAIN_TYPES.DATA_LENGTH" type="COLUMN"/>
		<object name="DBGM_DOMAIN_TYPES.DATA_PRECISION" type="COLUMN"/>
		<object name="DBGM_DSET_COLS.COLUMN_REFID" type="COLUMN"/>
		<object name="DBGM_DSET_COLS.DSET_VERSION_ID" type="COLUMN"/>
		<object name="DBGM_DSET_COLS.COLUMN_POSITION" type="COLUMN"/>
		<object name="DBGM_DSET_COL_MASKS.DSET_VERSION_ID" type="COLUMN"/>
		<object name="DBGM_DSET_COL_MASKS.COLUMN_REFID" type="COLUMN"/>
		<object name="DBGM_DSET_COL_MASKS.COLUMN_MASK" type="COLUMN"/>
		<object name="DBGM_DSET_ROWS.DROW_ID" type="COLUMN"/>
		<object name="DBGM_DSET_ROWS.DSET_VERSION_ID" type="COLUMN"/>
		<object name="DBGM_DSET_ROWS.DSET_ROW_ID" type="COLUMN"/>
		<object name="DBGM_DSET_ROW_VALUES.DROW_ID" type="COLUMN"/>
		<object name="DBGM_DSET_ROW_VALUES.COLUMN_REFID" type="COLUMN"/>
		<object name="DBGM_DSET_ROW_VALUES.COLUMN_VALUE" type="COLUMN"/>
		<object name="DBGM_FOREIGN_KEYS.KEY_ID" type="COLUMN"/>
		<object name="DBGM_FOREIGN_KEYS.REMOTE_KEY_REFID" type="COLUMN"/>
		<object name="DBGM_FOREIGN_KEYS.ON_UPDATE_ACTION" type="COLUMN"/>
		<object name="DBGM_FOREIGN_KEYS.ON_DELETE_ACTION" type="COLUMN"/>
		<object name="DBGM_INDEXES.VERSION_ID" type="COLUMN"/>
		<object name="DBGM_INDEXES.INDEX_NAME" type="COLUMN"/>
		<object name="DBGM_INDEXES.DESCRIPTION" type="COLUMN"/>
		<object name="DBGM_INDEXES.INDEX_TYPE" type="COLUMN"/>
		<object name="DBGM_INDEXES.TABLE_REFID" type="COLUMN"/>
		<object name="DBGM_INDEX_COLFUNCS.IND_VERSION_ID" type="COLUMN"/>
		<object name="DBGM_INDEX_COLFUNCS.COL_REFID" type="COLUMN"/>
		<object name="DBGM_INDEX_COLFUNCS.EXPRESSION" type="COLUMN"/>
		<object name="DBGM_INDEX_COLUMNS.INDEX_ID" type="COLUMN"/>
		<object name="DBGM_INDEX_COLUMNS.COL_REFID" type="COLUMN"/>
		<object name="DBGM_INDEX_COLUMNS.POSITION" type="COLUMN"/>
		<object name="DBGM_INDEX_COLUMNS.EXPRESSION" type="COLUMN"/>
		<object name="DBGM_KEYS.TAB_VERSION_ID" type="COLUMN"/>
		<object name="DBGM_KEYS.KEY_ID" type="COLUMN"/>
		<object name="DBGM_KEYS.KEY_REFID" type="COLUMN"/>
		<object name="DBGM_KEYS.NAME" type="COLUMN"/>
		<object name="DBGM_KEYS.DESCRIPTION" type="COLUMN"/>
		<object name="DBGM_KEY_COLUMNS.COL_REFID" type="COLUMN"/>
		<object name="DBGM_KEY_COLUMNS.KEY_ID" type="COLUMN"/>
		<object name="DBGM_KEY_COLUMNS.KEY_POSITION" type="COLUMN"/>
		<object name="DBGM_LINE_VALUES.LVAL_ID" type="COLUMN"/>
		<object name="DBGM_LINE_VALUES.DLIN_LINE_ID" type="COLUMN"/>
		<object name="DBGM_LINE_VALUES.COLUMN_REFID" type="COLUMN"/>
		<object name="DBGM_LINE_VALUES.COLUMN_VALUE" type="COLUMN"/>
		<object name="DBGM_PACKAGES.VERSION_ID" type="COLUMN"/>
		<object name="DBGM_PACKAGES.PACKAGE_NAME" type="COLUMN"/>
		<object name="DBGM_PACKAGES.DESCRIPTION" type="COLUMN"/>
		<object name="DBGM_PACKAGES.SOURCE" type="COLUMN"/>
		<object name="DBGM_PACKAGES.SPEC" type="COLUMN"/>
		<object name="DBGM_PROCEDURES.VERSION_ID" type="COLUMN"/>
		<object name="DBGM_PROCEDURES.PROCEDURE_NAME" type="COLUMN"/>
		<object name="DBGM_PROCEDURES.SQL_SOURCE" type="COLUMN"/>
		<object name="DBGM_PROCEDURES.LANGUAGE_TYPE" type="COLUMN"/>
		<object name="DBGM_SEQUENCES.VERSION_ID" type="COLUMN"/>
		<object name="DBGM_SEQUENCES.SEQUENCE_NAME" type="COLUMN"/>
		<object name="DBGM_SEQUENCES.DESCRIPTION" type="COLUMN"/>
		<object name="DBGM_SEQUENCES.SEQ_START" type="COLUMN"/>
		<object name="DBGM_SEQUENCES.SEQ_INCREMENT" type="COLUMN"/>
		<object name="DBGM_SEQUENCES.SEQ_MIN" type="COLUMN"/>
		<object name="DBGM_SEQUENCES.SEQ_MAX" type="COLUMN"/>
		<object name="DBGM_SEQUENCES.SEQ_CACHED" type="COLUMN"/>
		<object name="DBGM_SEQUENCES.SEQ_CYCLE" type="COLUMN"/>
		<object name="DBGM_SEQUENCES.SEQ_ORDERED" type="COLUMN"/>
		<object name="DBGM_SEQUENCES.SEQ_CACHE_SIZE" type="COLUMN"/>
		<object name="DBGM_SQL.SQL_ID" type="COLUMN"/>
		<object name="DBGM_SQL.SQL_TEXT" type="COLUMN"/>
		<object name="DBGM_SQL.SCRIPT_NAME" type="COLUMN"/>
		<object name="DBGM_SQL.SCRIPT_TYPE" type="COLUMN"/>
		<object name="DBGM_SQL.DESCRIPTION" type="COLUMN"/>
		<object name="DBGM_SQL.PARENT_VERSION_ID" type="COLUMN"/>
		<object name="DBGM_SQL.VERSION_ID" type="COLUMN"/>
		<object name="DBGM_SQL_VIEWS.VERSION_ID" type="COLUMN"/>
		<object name="DBGM_SQL_VIEWS.VIEW_NAME" type="COLUMN"/>
		<object name="DBGM_SQL_VIEWS.VIEW_DESCRIPTION" type="COLUMN"/>
		<object name="DBGM_SQL_VIEWS.VIEW_SQL" type="COLUMN"/>
		<object name="DBGM_SQL_WRAPPERS.VERSION_ID" type="COLUMN"/>
		<object name="DBGM_SYNONYMS.VERSION_ID" type="COLUMN"/>
		<object name="DBGM_SYNONYMS.SYN_NAME" type="COLUMN"/>
		<object name="DBGM_SYNONYMS.SYN_DESCRIPTION" type="COLUMN"/>
		<object name="DBGM_SYNONYMS.REF_OBJ_SCHEMA" type="COLUMN"/>
		<object name="DBGM_SYNONYMS.REF_OBJ_NAME" type="COLUMN"/>
		<object name="DBGM_SYNONYMS.REF_OBJ_REFID" type="COLUMN"/>
		<object name="DBGM_TABLES.VERSION_ID" type="COLUMN"/>
		<object name="DBGM_TABLES.TABLE_NAME" type="COLUMN"/>
		<object name="DBGM_TABLES.SHORT_NAME" type="COLUMN"/>
		<object name="DBGM_TABLES.DESCRIPTION" type="COLUMN"/>
		<object name="DBGM_TABLES.IS_TEMPORARY" type="COLUMN"/>
		<object name="DBGM_TABLE_COLUMNS.TAB_VERSION_ID" type="COLUMN"/>
		<object name="DBGM_TABLE_COLUMNS.COLUMN_ID" type="COLUMN"/>
		<object name="DBGM_TABLE_COLUMNS.COLUMN_NAME" type="COLUMN"/>
		<object name="DBGM_TABLE_COLUMNS.COLUMN_POSITION" type="COLUMN"/>
		<object name="DBGM_TABLE_COLUMNS.DATATYPE" type="COLUMN"/>
		<object name="DBGM_TABLE_COLUMNS.DATA_LENGTH" type="COLUMN"/>
		<object name="DBGM_TABLE_COLUMNS.DATA_PRECISION" type="COLUMN"/>
		<object name="DBGM_TABLE_COLUMNS.NOT_NULL" type="COLUMN"/>
		<object name="DBGM_TABLE_COLUMNS.DEFAULT_EXPR" type="COLUMN"/>
		<object name="DBGM_TABLE_COLUMNS.DESCRIPTION" type="COLUMN"/>
		<object name="DBGM_TABLE_COLUMNS.COLUMN_REFID" type="COLUMN"/>
		<object name="DBGM_TABLE_COLUMNS.IS_UNSIGNED" type="COLUMN"/>
		<object name="DBGM_TABLE_COLUMNS.LENGTH_TYPE" type="COLUMN"/>
		<object name="DBGM_TARGET_SETS.VIEW_ID" type="COLUMN"/>
		<object name="DBGM_TARGET_SETS.TSET_ID" type="COLUMN"/>
		<object name="DBGM_TRIGGERS.VERSION_ID" type="COLUMN"/>
		<object name="DBGM_TRIGGERS.NAME" type="COLUMN"/>
		<object name="DBGM_TRIGGERS.DESCRIPTION" type="COLUMN"/>
		<object name="DBGM_TRIGGERS.TRIGGER_TIME" type="COLUMN"/>
		<object name="DBGM_TRIGGERS.TAB_REFID" type="COLUMN"/>
		<object name="DBGM_TRIGGERS.SQL_TEXT" type="COLUMN"/>
		<object name="DBGM_TRIGGERS.IS_USER_DEFINED" type="COLUMN"/>
		<object name="DBGM_TRIGGERS.ON_INSERT" type="COLUMN"/>
		<object name="DBGM_TRIGGERS.ON_UPDATE" type="COLUMN"/>
		<object name="DBGM_TRIGGERS.ON_DELETE" type="COLUMN"/>
		<object name="DBGM_TYPE_COLUMNS.UTYP_VERSION_ID" type="COLUMN"/>
		<object name="DBGM_TYPE_COLUMNS.COLUMN_NAME" type="COLUMN"/>
		<object name="DBGM_TYPE_COLUMNS.DESCRIPTION" type="COLUMN"/>
		<object name="DBGM_TYPE_COLUMNS.DATATYPE" type="COLUMN"/>
		<object name="DBGM_TYPE_COLUMNS.DATATYPE_LENGTH" type="COLUMN"/>
		<object name="DBGM_TYPE_COLUMNS.DATATYPE_PRECISION" type="COLUMN"/>
		<object name="DBGM_TYPE_COLUMNS.COLUMN_POSITION" type="COLUMN"/>
		<object name="DBGM_TYPE_COLUMNS.TYCL_ID" type="COLUMN"/>
		<object name="DBGM_TYPE_COLUMNS.COLUMN_REFID" type="COLUMN"/>
		<object name="DBGM_UNIQUE_KEYS.KEY_ID" type="COLUMN"/>
		<object name="DBGM_UNIQUE_KEYS.IS_PRIMARY" type="COLUMN"/>
		<object name="DBGM_UNVERSIONED_SQL.SQL_ID" type="COLUMN"/>
		<object name="DBGM_USER_TYPES.VERSION_ID" type="COLUMN"/>
		<object name="DBGM_USER_TYPES.TYPE_NAME" type="COLUMN"/>
		<object name="DBGM_USER_TYPES.DESCRIPTION" type="COLUMN"/>
		<object name="DBGM_VERSIONED_SQL.VERSION_ID" type="COLUMN"/>
		<object name="DBGM_VERSIONED_SQL.SQL_ID" type="COLUMN"/>
		<object name="DBGM_VIEW_ALIASES.VIEW_ID" type="COLUMN"/>
		<object name="DBGM_VIEW_ALIASES.ALIAS_NAME" type="COLUMN"/>
		<object name="DBGM_VIEW_ALIASES.POSITION" type="COLUMN"/>
		<object name="DBGM_WRAPPER_CONTENTS.SQLW_ID" type="COLUMN"/>
		<object name="DBGM_WRAPPER_CONTENTS.SCRIPT_ID" type="COLUMN"/>
		<object name="DBOM_PHYSICAL_PROPERTIES.PHYS_ID" type="COLUMN"/>
		<object name="DBOM_PHYSICAL_PROPERTIES.TABLESPACE_NAME" type="COLUMN"/>
		<object name="DBOM_PHYSICAL_PROPERTIES.IS_LOGGING" type="COLUMN"/>
		<object name="DBOM_PHYSICAL_PROPERTIES.IS_COMPRESSED" type="COLUMN"/>
		<object name="DBOM_PHYSICAL_PROPERTIES.PHYS_REFID" type="COLUMN"/>
		<object name="DBOM_PHYSICAL_PROPERTIES.PHYS_TYPE" type="COLUMN"/>
		<object name="DBOM_PHYSICAL_PROPERTIES.PHYSICAL_ORGANIZATION" type="COLUMN"/>
		<object name="DBOM_PHYSICAL_PROPERTIES.PARTITIONING_TYPE" type="COLUMN"/>
		<object name="DBOM_STORAGE_ATTRIBUTES.TAB_VERSION_ID" type="COLUMN"/>
		<object name="DBOM_STORAGE_ATTRIBUTES.ATTR_NAME" type="COLUMN"/>
		<object name="DBOM_STORAGE_ATTRIBUTES.ATTR_VALUE" type="COLUMN"/>
	</checkRelease>
</delivery>