<?xml version="1.0" encoding="UTF-8"?>
<delivery name="Nextep Full Repository" refUID="100000000033" admin="false" first="false" dbVendor="JDBC">
	<release mode="range">
		<initial major="1" minor="0" iteration="2" patch="21" revision="0" create="false"/>
		<target major="1" minor="0" iteration="3" patch="0" revision="0"/>
	</release>
	<dependencies>
		<module name="Undefined" refUID="19" major="1" minor="0" iteration="3" patch="0" revision="0" admin="false">
			<deliveryItem name="repository_1.0.3.0" artefact="repository_1.0.3.0" artefactType="DELIVERY"/>
		</module>
		<module name="Undefined" refUID="99999999999" major="1" minor="0" iteration="0" patch="1" revision="0" admin="false">
			<deliveryItem name="nextep_admin_1.0.0.1" artefact="nextep_admin_1.0.0.1" artefactType="DELIVERY"/>
		</module>
		<module name="Undefined" refUID="1" major="1" minor="0" iteration="3" patch="0" revision="0" admin="false">
			<deliveryItem name="database_generic_model_1.0.3.0" artefact="database_generic_model_1.0.3.0" artefactType="DELIVERY"/>
		</module>
		<module name="Undefined" refUID="276" major="1" minor="0" iteration="2" patch="20" revision="0" admin="false">
			<deliveryItem name="database_oracle_model_1.0.2.20" artefact="database_oracle_model_1.0.2.20" artefactType="DELIVERY"/>
		</module>
		<module name="Undefined" refUID="100000000473" major="1" minor="0" iteration="2" patch="20" revision="0" admin="false">
			<deliveryItem name="database_mysql_model_1.0.2.20" artefact="database_mysql_model_1.0.2.20" artefactType="DELIVERY"/>
		</module>
		<module name="Undefined" refUID="81" major="1" minor="0" iteration="2" patch="21" revision="0" admin="false">
			<deliveryItem name="build_engine_1.0.2.21" artefact="build_engine_1.0.2.21" artefactType="DELIVERY"/>
		</module>
	</dependencies>
	<requirements>
		<delivery name="repository_1.0.3.0"/>
		<delivery name="database_generic_model_1.0.3.0"/>
	</requirements>
	<category name="sysdbaScripts" path="SYSDBA"/>
	<category name="dataDeletions" path="DATADEL"/>
	<category name="ddlScripts" path="DDL"/>
	<category name="dmlScripts" path="DML"/>
	<category name="dataDefinitions" path="DATA">
		<deliveryItem name="oracle.nxtp_repository_version.current_version" artefact="oracle.nxtp_repository_version.current_version.sql" artefactType="SQL" vendor="ORACLE"/>
		<deliveryItem name="mysql.nxtp_repository_version.current_version" artefact="mysql.nxtp_repository_version.current_version.sql" artefactType="SQL" vendor="MYSQL"/>
		<deliveryItem name="postgre.nxtp_repository_version.current_version" artefact="postgre.nxtp_repository_version.current_version.sql" artefactType="SQL" vendor="POSTGRE"/>
		<deliveryItem name="jdbc.nxtp_repository_version.current_version" artefact="jdbc.nxtp_repository_version.current_version.sql" artefactType="SQL" vendor="JDBC"/>
	</category>
	<category name="miscScripts" path="MISC"/>
	<checkRelease>
		<object name="NXTP_REPOSITORY_VERSION" type="TABLE"/>
		<object name="NXTP_REPOSITORY_VERSION.MAJOR" type="COLUMN"/>
		<object name="NXTP_REPOSITORY_VERSION.MINOR" type="COLUMN"/>
		<object name="NXTP_REPOSITORY_VERSION.ITERATION" type="COLUMN"/>
		<object name="NXTP_REPOSITORY_VERSION.PATCH" type="COLUMN"/>
	</checkRelease>
</delivery>