<?xml version="1.0" encoding="UTF-8"?>
<delivery name="Build Engine" refUID="81" admin="false" first="false" dbVendor="JDBC">
	<release mode="range">
		<initial major="1" minor="0" iteration="3" patch="10" revision="0" create="false"/>
		<target major="1" minor="0" iteration="5" patch="1" revision="0"/>
	</release>
	<category name="sysdbaScripts" path="SYSDBA"/>
	<category name="dataDeletions" path="DATADEL"/>
	<category name="ddlScripts" path="DDL">
		<deliveryItem name="oracle.build_engine_1.0.5.1" artefact="oracle.build_engine_1.0.5.1.sql" artefactType="SQL" vendor="ORACLE"/>
		<deliveryItem name="mysql.build_engine_1.0.5.1" artefact="mysql.build_engine_1.0.5.1.sql" artefactType="SQL" vendor="MYSQL"/>
		<deliveryItem name="postgre.build_engine_1.0.5.1" artefact="postgre.build_engine_1.0.5.1.sql" artefactType="SQL" vendor="POSTGRE"/>
		<deliveryItem name="db2.build_engine_1.0.5.1" artefact="db2.build_engine_1.0.5.1.sql" artefactType="SQL" vendor="DB2"/>
		<deliveryItem name="mssql.build_engine_1.0.5.1" artefact="mssql.build_engine_1.0.5.1.sql" artefactType="SQL" vendor="MSSQL"/>
	</category>
	<category name="dmlScripts" path="DML"/>
	<category name="dataDefinitions" path="DATA"/>
	<category name="miscScripts" path="MISC"/>
	<checkRelease>
		<object name="BENG_DELIVERIES" type="TABLE"/>
		<object name="BENG_VERSIONABLE_DELIVERIES" type="TABLE"/>
		<object name="BENG_MODULES" type="TABLE"/>
		<object name="BMOD_TARGETVERSION_FK_I" type="INDEX"/>
		<object name="BDEP_VERSION_FK" type="INDEX"/>
		<object name="BMOD_REF_FK_I" type="INDEX"/>
		<object name="FLDV_FILE_FK" type="INDEX"/>
		<object name="BMOD_FROMVERSION_FK_I" type="INDEX"/>
		<object name="MART__FK" type="INDEX"/>
		<object name="BENG_MODULE_EXTFILES" type="TABLE"/>
		<object name="BENG_MODULE_ARTEFACTS" type="TABLE"/>
		<object name="BMCT_BMOD_FK" type="INDEX"/>
		<object name="BENG_MODULE_CONTENTS" type="TABLE"/>
		<object name="BENG_DLVR_FK_I" type="INDEX"/>
		<object name="BENG_FILE_DELIVERIES" type="TABLE"/>
		<object name="BENG_MODULE_DEPENDENCIES" type="TABLE"/>
		<object name="BENG_SQL_DELIVERIES" type="TABLE"/>
		<object name="MART_BMOD_FK" type="INDEX"/>
		<object name="DVRS_VERS_FK" type="INDEX"/>
		<object name="BENG_DELIVERIES.DELIVERY_TYPE" type="COLUMN"/>
		<object name="BENG_DELIVERIES.DELIVERY_ID" type="COLUMN"/>
		<object name="BENG_FILE_DELIVERIES.DELIVERY_ID" type="COLUMN"/>
		<object name="BENG_FILE_DELIVERIES.FILE_ID" type="COLUMN"/>
		<object name="BENG_FILE_DELIVERIES.DEPLOY_HANDLER" type="COLUMN"/>
		<object name="BENG_FILE_DELIVERIES.FILE_LOADER" type="COLUMN"/>
		<object name="BENG_MODULES.DELIVERY_ID" type="COLUMN"/>
		<object name="BENG_MODULES.FROM_VERSION_ID" type="COLUMN"/>
		<object name="BENG_MODULES.TARGET_VERSION_ID" type="COLUMN"/>
		<object name="BENG_MODULES.MODULE_REFID" type="COLUMN"/>
		<object name="BENG_MODULES.NAME" type="COLUMN"/>
		<object name="BENG_MODULES.DESCRIPTION" type="COLUMN"/>
		<object name="BENG_MODULES.IS_ADMIN" type="COLUMN"/>
		<object name="BENG_MODULES.REFDB_DBCN_ID" type="COLUMN"/>
		<object name="BENG_MODULES.IS_FIRST" type="COLUMN"/>
		<object name="BENG_MODULES.IS_UNIVERSAL" type="COLUMN"/>
		<object name="BENG_MODULE_ARTEFACTS.DELIVERY_ID" type="COLUMN"/>
		<object name="BENG_MODULE_ARTEFACTS.ARTEFACT_REFID" type="COLUMN"/>
		<object name="BENG_MODULE_ARTEFACTS.INITIAL_VERSION_ID" type="COLUMN"/>
		<object name="BENG_MODULE_ARTEFACTS.BUILD_VERSION_ID" type="COLUMN"/>
		<object name="BENG_MODULE_ARTEFACTS.ARTEFACT_TYPE" type="COLUMN"/>
		<object name="BENG_MODULE_ARTEFACTS.ARTEFACT_ID" type="COLUMN"/>
		<object name="BENG_MODULE_CONTENTS.DELIVERY_ID" type="COLUMN"/>
		<object name="BENG_MODULE_CONTENTS.CONTENT_ID" type="COLUMN"/>
		<object name="BENG_MODULE_CONTENTS.POSITION" type="COLUMN"/>
		<object name="BENG_MODULE_DEPENDENCIES.DELIVERY_ID" type="COLUMN"/>
		<object name="BENG_MODULE_DEPENDENCIES.MODULE_VERSION_ID" type="COLUMN"/>
		<object name="BENG_MODULE_DEPENDENCIES.POSITION" type="COLUMN"/>
		<object name="BENG_MODULE_EXTFILES.EXTFILE_ID" type="COLUMN"/>
		<object name="BENG_MODULE_EXTFILES.DELIVERY_ID" type="COLUMN"/>
		<object name="BENG_MODULE_EXTFILES.FILENAME" type="COLUMN"/>
		<object name="BENG_MODULE_EXTFILES.DIRECTORY" type="COLUMN"/>
		<object name="BENG_MODULE_EXTFILES.POSITION" type="COLUMN"/>
		<object name="BENG_SQL_DELIVERIES.DELIVERY_ID" type="COLUMN"/>
		<object name="BENG_SQL_DELIVERIES.SQL_ID" type="COLUMN"/>
		<object name="BENG_SQL_DELIVERIES.DBVENDOR" type="COLUMN"/>
		<object name="BENG_VERSIONABLE_DELIVERIES.DELIVERY_ID" type="COLUMN"/>
		<object name="BENG_VERSIONABLE_DELIVERIES.VERSION_ID" type="COLUMN"/>
	</checkRelease>
</delivery>