<?xml version="1.0" encoding="UTF-8"?>
<delivery name="Database Oracle Model" refUID="276" admin="false" first="false" dbVendor="JDBC">
	<release mode="range">
		<initial major="1" minor="0" iteration="6" patch="0" revision="0" create="false"/>
		<target major="1" minor="0" iteration="6" patch="1" revision="0"/>
	</release>
	<category name="sysdbaScripts" path="SYSDBA"/>
	<category name="dataDeletions" path="DATADEL"/>
	<category name="ddlScripts" path="DDL">
		<deliveryItem name="oracle.database_oracle_model_1.0.6.1" artefact="oracle.database_oracle_model_1.0.6.1.sql" artefactType="SQL" vendor="ORACLE"/>
		<deliveryItem name="mysql.database_oracle_model_1.0.6.1" artefact="mysql.database_oracle_model_1.0.6.1.sql" artefactType="SQL" vendor="MYSQL"/>
		<deliveryItem name="postgre.database_oracle_model_1.0.6.1" artefact="postgre.database_oracle_model_1.0.6.1.sql" artefactType="SQL" vendor="POSTGRE"/>
		<deliveryItem name="db2.database_oracle_model_1.0.6.1" artefact="db2.database_oracle_model_1.0.6.1.sql" artefactType="SQL" vendor="DB2"/>
		<deliveryItem name="jdbc.database_oracle_model_1.0.6.1" artefact="jdbc.database_oracle_model_1.0.6.1.sql" artefactType="SQL" vendor="JDBC"/>
	</category>
	<category name="dmlScripts" path="DML">
		<deliveryItem name="migr_oracle_ukeys" artefact="migr_oracle_ukeys.sql" artefactType="SQL"/>
		<deliveryItem name="postgre.migr_oracle_ukeys" artefact="postgre.migr_oracle_ukeys.sql" artefactType="SQL" vendor="POSTGRE"/>
	</category>
	<category name="dataDefinitions" path="DATA"/>
	<category name="miscScripts" path="MISC"/>
	<checkRelease>
		<object name="DBOM_TAB_PART_PHYSICALS" type="TABLE"/>
		<object name="DBOM_MATERIALIZED_VIEWS" type="TABLE"/>
		<object name="STOR_TAB_I" type="INDEX"/>
		<object name="TPHYS_TAB_I" type="INDEX"/>
		<object name="TPHYS_PHYS_I" type="INDEX"/>
		<object name="CLTA_TBCL_FK" type="INDEX"/>
		<object name="DBOM_TABLE_PHYSICALS" type="TABLE"/>
		<object name="IPHYS_VERSION_I" type="INDEX"/>
		<object name="IPHYS_PHYS_I" type="INDEX"/>
		<object name="PHYS_REFID_I" type="INDEX"/>
		<object name="DBOM_TPART_VALUES" type="TABLE"/>
		<object name="TPART_TPHYS_FK" type="INDEX"/>
		<object name="TPART_VREF_FK" type="INDEX"/>
		<object name="OTAB_PHYS_FK" type="INDEX"/>
		<object name="DBOM_TPART_PHYSPROPS" type="TABLE"/>
		<object name="DBOM_INDEX_PHYSICALS" type="TABLE"/>
		<object name="DBOM_ORACLE_INDEXES" type="TABLE"/>
		<object name="TPPHYS_TPART_FK" type="INDEX"/>
		<object name="DBOM_TABLE_PHYSPROPS" type="TABLE"/>
		<object name="TPPHYS_PHYS_FK" type="INDEX"/>
		<object name="DBOM_ORACLE_TABLES" type="TABLE"/>
		<object name="DBOM_TAB_PARTITIONS" type="TABLE"/>
		<object name="CLMAP_TABCOL_REFID_I" type="INDEX"/>
		<object name="CLMAP_CLUCOL_REFID_I" type="INDEX"/>
		<object name="DBOM_MVIEW_LOG_PHYSPROPS" type="TABLE"/>
		<object name="MVLG_PHYS_FK_I" type="INDEX"/>
		<object name="DBOM_INDEX_PHYSPROPS" type="TABLE"/>
		<object name="DBOM_SYNONYMS" type="TABLE"/>
		<object name="TCHK_VREF_FK" type="INDEX"/>
		<object name="DBOM_CLUSTER_TABLES" type="TABLE"/>
		<object name="IPART_IPROP_FK" type="INDEX"/>
		<object name="OUKY_PHYS_FK" type="INDEX"/>
		<object name="DBOM_IND_PARTITIONS" type="TABLE"/>
		<object name="TPPP_PHYS_FK" type="INDEX"/>
		<object name="DBOM_TAB_PART_COLUMNS" type="TABLE"/>
		<object name="UKPY_PHYS_FK" type="INDEX"/>
		<object name="DBOM_MVIEW_LOGS" type="TABLE"/>
		<object name="DBOM_ORACLE_UKEYS" type="TABLE"/>
		<object name="TPCOL_VREF_FK" type="INDEX"/>
		<object name="DBOM_COLLECTION_TYPES" type="TABLE"/>
		<object name="TPCOL_TPROP_FK_I" type="INDEX"/>
		<object name="DBOM_ORACLE_USER_TYPES" type="TABLE"/>
		<object name="DBOM_UK_PHYSICALS" type="TABLE"/>
		<object name="DBOM_INDEX_COLFUNCS" type="TABLE"/>
		<object name="DBOM_CLUSTER_COLUMN_MAPS" type="TABLE"/>
		<object name="IPPHYS_PHYS_FK" type="INDEX"/>
		<object name="TPVAL_VREF_FK" type="INDEX"/>
		<object name="IPPHYS_IPART_FK" type="INDEX"/>
		<object name="TPVAL_TPART_FK" type="INDEX"/>
		<object name="DBOM_IND_PART_PHYSICALS" type="TABLE"/>
		<object name="DBOM_CHECK_CONSTRAINTS" type="TABLE"/>
		<object name="DBOM_TABLE_CLUSTERS" type="TABLE"/>
		<object name="TCHK_TAB_FK" type="INDEX"/>
		<object name="DBOM_CHECK_CONSTRAINTS.TCHK_ID" type="COLUMN"/>
		<object name="DBOM_CHECK_CONSTRAINTS.TAB_VERSION_ID" type="COLUMN"/>
		<object name="DBOM_CHECK_CONSTRAINTS.CHECK_CONDITION" type="COLUMN"/>
		<object name="DBOM_CHECK_CONSTRAINTS.TCHK_REFID" type="COLUMN"/>
		<object name="DBOM_CHECK_CONSTRAINTS.DESCRIPTION" type="COLUMN"/>
		<object name="DBOM_CHECK_CONSTRAINTS.NAME" type="COLUMN"/>
		<object name="DBOM_CHECK_CONSTRAINTS.CONDITION" type="COLUMN"/>
		<object name="DBOM_CLUSTER_COLUMN_MAPS.CLTA_ID" type="COLUMN"/>
		<object name="DBOM_CLUSTER_COLUMN_MAPS.CLUSTER_COLUMN_REFID" type="COLUMN"/>
		<object name="DBOM_CLUSTER_COLUMN_MAPS.TABLE_COLUMN_REFID" type="COLUMN"/>
		<object name="DBOM_CLUSTER_TABLES.TBCL_VERSION_ID" type="COLUMN"/>
		<object name="DBOM_CLUSTER_TABLES.TABLE_REFID" type="COLUMN"/>
		<object name="DBOM_CLUSTER_TABLES.CLTA_ID" type="COLUMN"/>
		<object name="DBOM_CLUSTER_TABLES.CLUSTERED_TABLE_REFID" type="COLUMN"/>
		<object name="DBOM_COLLECTION_TYPES.VERSION_ID" type="COLUMN"/>
		<object name="DBOM_COLLECTION_TYPES.COLLECTION_NAME" type="COLUMN"/>
		<object name="DBOM_COLLECTION_TYPES.DESCRIPTION" type="COLUMN"/>
		<object name="DBOM_COLLECTION_TYPES.COLLECTION_TYPE" type="COLUMN"/>
		<object name="DBOM_COLLECTION_TYPES.COLLECTION_SIZE" type="COLUMN"/>
		<object name="DBOM_COLLECTION_TYPES.DATATYPE_NAME" type="COLUMN"/>
		<object name="DBOM_COLLECTION_TYPES.DATATYPE_LENGTH" type="COLUMN"/>
		<object name="DBOM_COLLECTION_TYPES.DATATYPE_PRECISION" type="COLUMN"/>
		<object name="DBOM_INDEX_COLFUNCS.IND_VERSION_ID" type="COLUMN"/>
		<object name="DBOM_INDEX_COLFUNCS.COL_REFID" type="COLUMN"/>
		<object name="DBOM_INDEX_COLFUNCS.EXPRESSION" type="COLUMN"/>
		<object name="DBOM_INDEX_PHYSICALS.IND_VERSION_ID" type="COLUMN"/>
		<object name="DBOM_INDEX_PHYSICALS.PHYS_ID" type="COLUMN"/>
		<object name="DBOM_INDEX_PHYSPROPS.PHYS_ID" type="COLUMN"/>
		<object name="DBOM_INDEX_PHYSPROPS.PARTITIONING_TYPE" type="COLUMN"/>
		<object name="DBOM_IND_PARTITIONS.IPART_ID" type="COLUMN"/>
		<object name="DBOM_IND_PARTITIONS.IPART_REFID" type="COLUMN"/>
		<object name="DBOM_IND_PARTITIONS.PARTITION_NAME" type="COLUMN"/>
		<object name="DBOM_IND_PARTITIONS.PHYS_ID" type="COLUMN"/>
		<object name="DBOM_IND_PARTITIONS.POSITION" type="COLUMN"/>
		<object name="DBOM_IND_PART_PHYSICALS.IPART_ID" type="COLUMN"/>
		<object name="DBOM_IND_PART_PHYSICALS.PHYS_ID" type="COLUMN"/>
		<object name="DBOM_MATERIALIZED_VIEWS.TAB_VERSION_ID" type="COLUMN"/>
		<object name="DBOM_MATERIALIZED_VIEWS.REFRESH_TIME" type="COLUMN"/>
		<object name="DBOM_MATERIALIZED_VIEWS.REFRESH_METHOD" type="COLUMN"/>
		<object name="DBOM_MATERIALIZED_VIEWS.VIEW_TYPE" type="COLUMN"/>
		<object name="DBOM_MATERIALIZED_VIEWS.START_EXPR" type="COLUMN"/>
		<object name="DBOM_MATERIALIZED_VIEWS.NEXT_EXPR" type="COLUMN"/>
		<object name="DBOM_MATERIALIZED_VIEWS.BUILD_TYPE" type="COLUMN"/>
		<object name="DBOM_MATERIALIZED_VIEWS.SQL_QUERY" type="COLUMN"/>
		<object name="DBOM_MATERIALIZED_VIEWS.QUERY_REWRITE_ENABLED" type="COLUMN"/>
		<object name="DBOM_MVIEW_LOGS.VERSION_ID" type="COLUMN"/>
		<object name="DBOM_MVIEW_LOGS.LOG_TABLE_REFID" type="COLUMN"/>
		<object name="DBOM_MVIEW_LOGS.ROWIDS" type="COLUMN"/>
		<object name="DBOM_MVIEW_LOGS.PRIMARY_KEY" type="COLUMN"/>
		<object name="DBOM_MVIEW_LOGS.OBJECT_ID" type="COLUMN"/>
		<object name="DBOM_MVIEW_LOGS.SEQUENCE" type="COLUMN"/>
		<object name="DBOM_MVIEW_LOGS.PHYS_ID" type="COLUMN"/>
		<object name="DBOM_MVIEW_LOGS.INCLUDING_NEW_VALUES" type="COLUMN"/>
		<object name="DBOM_MVIEW_LOG_PHYSPROPS.PHYS_ID" type="COLUMN"/>
		<object name="DBOM_ORACLE_INDEXES.VERSION_ID" type="COLUMN"/>
		<object name="DBOM_ORACLE_TABLES.VERSION_ID" type="COLUMN"/>
		<object name="DBOM_ORACLE_TABLES.PHYS_ID" type="COLUMN"/>
		<object name="DBOM_ORACLE_UKEYS.KEY_ID" type="COLUMN"/>
		<object name="DBOM_ORACLE_UKEYS.PHYS_ID" type="COLUMN"/>
		<object name="DBOM_ORACLE_USER_TYPES.VERSION_ID" type="COLUMN"/>
		<object name="DBOM_ORACLE_USER_TYPES.TYPE_BODY" type="COLUMN"/>
		<object name="DBOM_SYNONYMS.VERSION_ID" type="COLUMN"/>
		<object name="DBOM_SYNONYMS.SYN_PUBLIC" type="COLUMN"/>
		<object name="DBOM_SYNONYMS.REF_OBJ_DBLINK" type="COLUMN"/>
		<object name="DBOM_TABLE_CLUSTERS.VERSION_ID" type="COLUMN"/>
		<object name="DBOM_TABLE_PHYSICALS.TAB_VERSION_ID" type="COLUMN"/>
		<object name="DBOM_TABLE_PHYSICALS.PHYS_ID" type="COLUMN"/>
		<object name="DBOM_TABLE_PHYSPROPS.PHYS_ID" type="COLUMN"/>
		<object name="DBOM_TABLE_PHYSPROPS.PHYSICAL_ORGANISATION" type="COLUMN"/>
		<object name="DBOM_TABLE_PHYSPROPS.PARTITIONING_TYPE" type="COLUMN"/>
		<object name="DBOM_TAB_PARTITIONS.TPART_ID" type="COLUMN"/>
		<object name="DBOM_TAB_PARTITIONS.TPART_REFID" type="COLUMN"/>
		<object name="DBOM_TAB_PARTITIONS.PARTITION_NAME" type="COLUMN"/>
		<object name="DBOM_TAB_PARTITIONS.PHYS_ID" type="COLUMN"/>
		<object name="DBOM_TAB_PARTITIONS.HIGH_VALUE" type="COLUMN"/>
		<object name="DBOM_TAB_PARTITIONS.POSITION" type="COLUMN"/>
		<object name="DBOM_TAB_PART_COLUMNS.PHYS_ID" type="COLUMN"/>
		<object name="DBOM_TAB_PART_COLUMNS.COL_REFID" type="COLUMN"/>
		<object name="DBOM_TAB_PART_COLUMNS.POSITION" type="COLUMN"/>
		<object name="DBOM_TAB_PART_PHYSICALS.TPART_ID" type="COLUMN"/>
		<object name="DBOM_TAB_PART_PHYSICALS.PHYS_ID" type="COLUMN"/>
		<object name="DBOM_TPART_PHYSPROPS.PHYS_ID" type="COLUMN"/>
		<object name="DBOM_TPART_VALUES.TVAL_ID" type="COLUMN"/>
		<object name="DBOM_TPART_VALUES.TPART_ID" type="COLUMN"/>
		<object name="DBOM_TPART_VALUES.COL_REFID" type="COLUMN"/>
		<object name="DBOM_TPART_VALUES.COL_VALUE" type="COLUMN"/>
		<object name="DBOM_UK_PHYSICALS.KEY_ID" type="COLUMN"/>
		<object name="DBOM_UK_PHYSICALS.PHYS_ID" type="COLUMN"/>
	</checkRelease>
</delivery>