<?xml version="1.0" encoding="UTF-8"?>
<delivery name="Database Mysql Model" refUID="100000000473" admin="false" first="false" dbVendor="JDBC">
	<release mode="range">
		<target major="1" minor="0" iteration="2" patch="20" revision="0"/>
	</release>
	<category name="sysdbaScripts" path="SYSDBA"/>
	<category name="dataDeletions" path="DATADEL"/>
	<category name="ddlScripts" path="DDL">
		<deliveryItem name="oracle.database_mysql_model_1.0.2.20" artefact="oracle.database_mysql_model_1.0.2.20.sql" artefactType="SQL" vendor="ORACLE"/>
		<deliveryItem name="mysql.database_mysql_model_1.0.2.20" artefact="mysql.database_mysql_model_1.0.2.20.sql" artefactType="SQL" vendor="MYSQL"/>
		<deliveryItem name="postgre.database_mysql_model_1.0.2.20" artefact="postgre.database_mysql_model_1.0.2.20.sql" artefactType="SQL" vendor="POSTGRE"/>
		<deliveryItem name="jdbc.database_mysql_model_1.0.2.20" artefact="jdbc.database_mysql_model_1.0.2.20.sql" artefactType="SQL" vendor="JDBC"/>
	</category>
	<category name="dmlScripts" path="DML"/>
	<category name="dataDefinitions" path="DATA"/>
	<category name="miscScripts" path="MISC"/>
	<checkRelease>
		<object name="DBMYM_TABLES" type="TABLE"/>
		<object name="DBMYM_TABLE_COLUMNS" type="TABLE"/>
		<object name="DBMYM_TABLES.TAB_VERSION_ID" type="COLUMN"/>
		<object name="DBMYM_TABLES.MYSQL_ENGINE" type="COLUMN"/>
		<object name="DBMYM_TABLES.TABLE_CHARSET" type="COLUMN"/>
		<object name="DBMYM_TABLE_COLUMNS.COLUMN_ID" type="COLUMN"/>
		<object name="DBMYM_TABLE_COLUMNS.AUTO_INCREMENT" type="COLUMN"/>
	</checkRelease>
</delivery>