<?xml version="1.0" encoding="UTF-8"?>
<delivery name="Database Postgresql Model" refUID="356450304" admin="false" first="false" dbVendor="JDBC">
	<release mode="range">
		<initial major="1" minor="0" iteration="6" patch="0" revision="0" create="false"/>
		<target major="1" minor="0" iteration="6" patch="1" revision="0"/>
	</release>
	<category name="sysdbaScripts" path="SYSDBA"/>
	<category name="dataDeletions" path="DATADEL"/>
	<category name="ddlScripts" path="DDL">
		<deliveryItem name="oracle.database_postgresql_model_1.0.6.1" artefact="oracle.database_postgresql_model_1.0.6.1.sql" artefactType="SQL" vendor="ORACLE"/>
		<deliveryItem name="mysql.database_postgresql_model_1.0.6.1" artefact="mysql.database_postgresql_model_1.0.6.1.sql" artefactType="SQL" vendor="MYSQL"/>
		<deliveryItem name="postgre.database_postgresql_model_1.0.6.1" artefact="postgre.database_postgresql_model_1.0.6.1.sql" artefactType="SQL" vendor="POSTGRE"/>
		<deliveryItem name="db2.database_postgresql_model_1.0.6.1" artefact="db2.database_postgresql_model_1.0.6.1.sql" artefactType="SQL" vendor="DB2"/>
		<deliveryItem name="jdbc.database_postgresql_model_1.0.6.1" artefact="jdbc.database_postgresql_model_1.0.6.1.sql" artefactType="SQL" vendor="JDBC"/>
	</category>
	<category name="dmlScripts" path="DML">
		<deliveryItem name="migr_psql_ukeys" artefact="migr_psql_ukeys.sql" artefactType="SQL"/>
	</category>
	<category name="dataDefinitions" path="DATA"/>
	<category name="miscScripts" path="MISC"/>
	<checkRelease>
		<object name="PGIDX_PHYS_FK" type="INDEX"/>
		<object name="DBPM_UNIQUE_KEYS" type="TABLE"/>
		<object name="DBPM_INDEXES" type="TABLE"/>
		<object name="PGUK_PHYS_FK" type="INDEX"/>
		<object name="PGTB_PHYS_FK" type="INDEX"/>
		<object name="DBPM_TABLES" type="TABLE"/>
		<object name="DBPM_INDEXES.IND_VERSION_ID" type="COLUMN"/>
		<object name="DBPM_INDEXES.PHYS_ID" type="COLUMN"/>
		<object name="DBPM_TABLES.TAB_VERSION_ID" type="COLUMN"/>
		<object name="DBPM_TABLES.PHYS_ID" type="COLUMN"/>
		<object name="DBPM_UNIQUE_KEYS.KEY_ID" type="COLUMN"/>
		<object name="DBPM_UNIQUE_KEYS.PHYS_ID" type="COLUMN"/>
	</checkRelease>
</delivery>