<?xml version="1.0" encoding="UTF-8"?>
<delivery name="Repository" refUID="19" admin="false" first="false" dbVendor="JDBC">
	<release mode="range">
		<target major="1" minor="0" iteration="2" patch="21" revision="0"/>
	</release>
	<category name="sysdbaScripts" path="SYSDBA"/>
	<category name="dataDeletions" path="DATADEL"/>
	<category name="ddlScripts" path="DDL">
		<deliveryItem name="oracle.repository_1.0.2.21" artefact="oracle.repository_1.0.2.21.sql" artefactType="SQL" vendor="ORACLE"/>
		<deliveryItem name="mysql.repository_1.0.2.21" artefact="mysql.repository_1.0.2.21.sql" artefactType="SQL" vendor="MYSQL"/>
		<deliveryItem name="postgre.repository_1.0.2.21" artefact="postgre.repository_1.0.2.21.sql" artefactType="SQL" vendor="POSTGRE"/>
		<deliveryItem name="db2.repository_1.0.2.21" artefact="db2.repository_1.0.2.21.sql" artefactType="SQL" vendor="DB2"/>
		<deliveryItem name="jdbc.repository_1.0.2.21" artefact="jdbc.repository_1.0.2.21.sql" artefactType="SQL" vendor="JDBC"/>
		<deliveryItem name="derby.repository_1.0.2.21" artefact="derby.repository_1.0.2.21.sql" artefactType="SQL" vendor="DERBY"/>
		<deliveryItem name="mssql.repository_1.0.2.21" artefact="mssql.repository_1.0.2.21.sql" artefactType="SQL" vendor="MSSQL"/>
	</category>
	<category name="dmlScripts" path="DML"/>
	<category name="dataDefinitions" path="DATA">
		<deliveryItem name="oracle.insert.first_key" artefact="oracle.insert.first_key.sql" artefactType="SQL" vendor="ORACLE"/>
		<deliveryItem name="oracle.insert.sysuser" artefact="oracle.insert.sysuser.sql" artefactType="SQL" vendor="ORACLE"/>
		<deliveryItem name="oracle.insert.mainbranch" artefact="oracle.insert.mainbranch.sql" artefactType="SQL" vendor="ORACLE"/>
		<deliveryItem name="oracle.insert.systemview" artefact="oracle.insert.systemview.sql" artefactType="SQL" vendor="ORACLE"/>
		<deliveryItem name="mysql.insert.first_key" artefact="mysql.insert.first_key.sql" artefactType="SQL" vendor="MYSQL"/>
		<deliveryItem name="mysql.insert.sysuser" artefact="mysql.insert.sysuser.sql" artefactType="SQL" vendor="MYSQL"/>
		<deliveryItem name="mysql.insert.mainbranch" artefact="mysql.insert.mainbranch.sql" artefactType="SQL" vendor="MYSQL"/>
		<deliveryItem name="mysql.insert.systemview" artefact="mysql.insert.systemview.sql" artefactType="SQL" vendor="MYSQL"/>
		<deliveryItem name="postgre.insert.first_key" artefact="postgre.insert.first_key.sql" artefactType="SQL" vendor="POSTGRE"/>
		<deliveryItem name="postgre.insert.sysuser" artefact="postgre.insert.sysuser.sql" artefactType="SQL" vendor="POSTGRE"/>
		<deliveryItem name="postgre.insert.mainbranch" artefact="postgre.insert.mainbranch.sql" artefactType="SQL" vendor="POSTGRE"/>
		<deliveryItem name="postgre.insert.systemview" artefact="postgre.insert.systemview.sql" artefactType="SQL" vendor="POSTGRE"/>
		<deliveryItem name="db2.insert.first_key" artefact="db2.insert.first_key.sql" artefactType="SQL" vendor="DB2"/>
		<deliveryItem name="db2.insert.sysuser" artefact="db2.insert.sysuser.sql" artefactType="SQL" vendor="DB2"/>
		<deliveryItem name="db2.insert.mainbranch" artefact="db2.insert.mainbranch.sql" artefactType="SQL" vendor="DB2"/>
		<deliveryItem name="db2.insert.systemview" artefact="db2.insert.systemview.sql" artefactType="SQL" vendor="DB2"/>
		<deliveryItem name="jdbc.insert.first_key" artefact="jdbc.insert.first_key.sql" artefactType="SQL" vendor="JDBC"/>
		<deliveryItem name="jdbc.insert.sysuser" artefact="jdbc.insert.sysuser.sql" artefactType="SQL" vendor="JDBC"/>
		<deliveryItem name="jdbc.insert.mainbranch" artefact="jdbc.insert.mainbranch.sql" artefactType="SQL" vendor="JDBC"/>
		<deliveryItem name="jdbc.insert.systemview" artefact="jdbc.insert.systemview.sql" artefactType="SQL" vendor="JDBC"/>
		<deliveryItem name="derby.insert.first_key" artefact="derby.insert.first_key.sql" artefactType="SQL" vendor="DERBY"/>
		<deliveryItem name="derby.insert.sysuser" artefact="derby.insert.sysuser.sql" artefactType="SQL" vendor="DERBY"/>
		<deliveryItem name="derby.insert.mainbranch" artefact="derby.insert.mainbranch.sql" artefactType="SQL" vendor="DERBY"/>
		<deliveryItem name="derby.insert.systemview" artefact="derby.insert.systemview.sql" artefactType="SQL" vendor="DERBY"/>
		<deliveryItem name="mssql.insert.first_key" artefact="mssql.insert.first_key.sql" artefactType="SQL" vendor="MSSQL"/>
		<deliveryItem name="mssql.insert.sysuser" artefact="mssql.insert.sysuser.sql" artefactType="SQL" vendor="MSSQL"/>
		<deliveryItem name="mssql.insert.mainbranch" artefact="mssql.insert.mainbranch.sql" artefactType="SQL" vendor="MSSQL"/>
		<deliveryItem name="mssql.insert.systemview" artefact="mssql.insert.systemview.sql" artefactType="SQL" vendor="MSSQL"/>
	</category>
	<category name="miscScripts" path="MISC"/>
	<checkRelease>
		<object name="REP_MODULES" type="TABLE"/>
		<object name="CONTENT_VERS_FK" type="INDEX"/>
		<object name="HIBERNATE_UNIQUE_KEY" type="TABLE"/>
		<object name="REP_VERSIONS" type="TABLE"/>
		<object name="REP_VERSIONABLES" type="TABLE"/>
		<object name="FILE_REF_FK" type="INDEX"/>
		<object name="REP_MODULE_CONTENTS" type="TABLE"/>
		<object name="MFIL_REF_FK_I" type="INDEX"/>
		<object name="MOD_CONT_VERS_FK" type="INDEX"/>
		<object name="VERSION_VREF_FK" type="INDEX"/>
		<object name="REP_VERSION_VIEWS" type="TABLE"/>
		<object name="VERSION_BRANCH_FK" type="INDEX"/>
		<object name="VERSION_USR_FK" type="INDEX"/>
		<object name="MERGEFROM_VERSION_FK" type="INDEX"/>
		<object name="VERSION_ACTI_FK" type="INDEX"/>
		<object name="VERSION_VERSION_FK" type="INDEX"/>
		<object name="REP_FILES" type="TABLE"/>
		<object name="REP_VIEW_CONTENTS" type="TABLE"/>
		<object name="REP_USERS" type="TABLE"/>
		<object name="REP_MODULE_FILTERS" type="TABLE"/>
		<object name="REP_BRANCHES" type="TABLE"/>
		<object name="REP_VERSION_REFERENCES" type="TABLE"/>
		<object name="REP_ACTIVITIES" type="TABLE"/>
		<object name="HIBERNATE_UNIQUE_KEY.NEXT_HI" type="COLUMN"/>
		<object name="REP_ACTIVITIES.ACTIVITY_ID" type="COLUMN"/>
		<object name="REP_ACTIVITIES.ACTIVITY_NAME" type="COLUMN"/>
		<object name="REP_ACTIVITIES.DESCRIPTION" type="COLUMN"/>
		<object name="REP_BRANCHES.BRANCH_ID" type="COLUMN"/>
		<object name="REP_BRANCHES.BRANCH_NAME" type="COLUMN"/>
		<object name="REP_BRANCHES.DESCRIPTION" type="COLUMN"/>
		<object name="REP_FILES.FILE_ID" type="COLUMN"/>
		<object name="REP_FILES.FILE_REFID" type="COLUMN"/>
		<object name="REP_FILES.FILE_CONTENT" type="COLUMN"/>
		<object name="REP_FILES.FILENAME" type="COLUMN"/>
		<object name="REP_FILES.DESCRIPTION" type="COLUMN"/>
		<object name="REP_FILES.FILESIZE" type="COLUMN"/>
		<object name="REP_FILES.IMPORT_DATE" type="COLUMN"/>
		<object name="REP_MODULES.VERSION_ID" type="COLUMN"/>
		<object name="REP_MODULES.MODULE_NAME" type="COLUMN"/>
		<object name="REP_MODULES.SHORT_NAME" type="COLUMN"/>
		<object name="REP_MODULES.DESCRIPTION" type="COLUMN"/>
		<object name="REP_MODULE_CONTENTS.MODULE_ID" type="COLUMN"/>
		<object name="REP_MODULE_CONTENTS.VERSION_ID" type="COLUMN"/>
		<object name="REP_MODULE_FILTERS.MODULE_REFID" type="COLUMN"/>
		<object name="REP_MODULE_FILTERS.FILTER_REGEX_PATTERN" type="COLUMN"/>
		<object name="REP_MODULE_FILTERS.FILTER_TYPEID" type="COLUMN"/>
		<object name="REP_MODULE_FILTERS.FILTER_ID" type="COLUMN"/>
		<object name="REP_USERS.USER_ID" type="COLUMN"/>
		<object name="REP_USERS.LOGIN" type="COLUMN"/>
		<object name="REP_USERS.PASSWORD" type="COLUMN"/>
		<object name="REP_USERS.USERNAME" type="COLUMN"/>
		<object name="REP_USERS.DESCRIPTION" type="COLUMN"/>
		<object name="REP_USERS.IS_ADMIN" type="COLUMN"/>
		<object name="REP_VERSIONABLES.VERSION_ID" type="COLUMN"/>
		<object name="REP_VERSIONS.USER_ID" type="COLUMN"/>
		<object name="REP_VERSIONS.BRANCH_ID" type="COLUMN"/>
		<object name="REP_VERSIONS.VERSION_ID" type="COLUMN"/>
		<object name="REP_VERSIONS.REL_MAJOR" type="COLUMN"/>
		<object name="REP_VERSIONS.REL_MINOR" type="COLUMN"/>
		<object name="REP_VERSIONS.REL_ITERATION" type="COLUMN"/>
		<object name="REP_VERSIONS.REL_PATCH" type="COLUMN"/>
		<object name="REP_VERSIONS.REL_REVISION" type="COLUMN"/>
		<object name="REP_VERSIONS.STATUS_CODE" type="COLUMN"/>
		<object name="REP_VERSIONS.DESCRIPTION" type="COLUMN"/>
		<object name="REP_VERSIONS.PREVIOUS_VERSION_ID" type="COLUMN"/>
		<object name="REP_VERSIONS.VREF_ID" type="COLUMN"/>
		<object name="REP_VERSIONS.ACTIVITY_ID" type="COLUMN"/>
		<object name="REP_VERSIONS.CDATE" type="COLUMN"/>
		<object name="REP_VERSIONS.UDATE" type="COLUMN"/>
		<object name="REP_VERSIONS.MERGEFROM_VERSION_ID" type="COLUMN"/>
		<object name="REP_VERSIONS.UPDATE_REVISION" type="COLUMN"/>
		<object name="REP_VERSIONS.IS_DROPPED" type="COLUMN"/>
		<object name="REP_VERSION_REFERENCES.VREF_ID" type="COLUMN"/>
		<object name="REP_VERSION_REFERENCES.VERSION_TYPE" type="COLUMN"/>
		<object name="REP_VERSION_REFERENCES.ARBITRARY_NAME" type="COLUMN"/>
		<object name="REP_VERSION_REFERENCES.CDATE" type="COLUMN"/>
		<object name="REP_VERSION_REFERENCES.IS_VOLATILE" type="COLUMN"/>
		<object name="REP_VERSION_VIEWS.VIEW_ID" type="COLUMN"/>
		<object name="REP_VERSION_VIEWS.VIEW_NAME" type="COLUMN"/>
		<object name="REP_VERSION_VIEWS.DESCRIPTION" type="COLUMN"/>
		<object name="REP_VERSION_VIEWS.DBVENDOR" type="COLUMN"/>
		<object name="REP_VERSION_VIEWS.UPDATE_REVISION" type="COLUMN"/>
		<object name="REP_VIEW_CONTENTS.VIEW_ID" type="COLUMN"/>
		<object name="REP_VIEW_CONTENTS.VERSION_ID" type="COLUMN"/>
	</checkRelease>
</delivery>