<?xml version="1.0" encoding="UTF-8"?>
<delivery name="Nextep Full Repository" refUID="100000000033" admin="false" first="false" dbVendor="JDBC">
	<release mode="range">
		<initial major="1" minor="0" iteration="6" patch="5" revision="0" create="false"/>
		<target major="1" minor="0" iteration="6" patch="6" revision="0"/>
	</release>
	<dependencies>
		<module name="Repository" refUID="19" major="1" minor="0" iteration="6" patch="3" revision="0" admin="false">
			<deliveryItem name="repository_1.0.6.3" artefact="repository_1.0.6.3" artefactType="DELIVERY"/>
		</module>
		<module name="Database Mysql Model" refUID="100000000473" major="1" minor="0" iteration="6" patch="2" revision="0" admin="false">
			<deliveryItem name="database_mysql_model_1.0.6.2" artefact="database_mysql_model_1.0.6.2" artefactType="DELIVERY"/>
		</module>
		<module name="Build Engine" refUID="81" major="1" minor="0" iteration="5" patch="1" revision="0" admin="false">
			<deliveryItem name="build_engine_1.0.5.1" artefact="build_engine_1.0.5.1" artefactType="DELIVERY"/>
		</module>
		<module name="Database Postgresql Model" refUID="356450304" major="1" minor="0" iteration="6" patch="1" revision="0" admin="false">
			<deliveryItem name="database_postgresql_model_1.0.6.1" artefact="database_postgresql_model_1.0.6.1" artefactType="DELIVERY"/>
		</module>
		<module name="Nextep Admin" refUID="99999999999" major="1" minor="0" iteration="0" patch="2" revision="0" admin="false">
			<deliveryItem name="nextep_admin_1.0.0.2" artefact="nextep_admin_1.0.0.2" artefactType="DELIVERY"/>
		</module>
		<module name="Database Generic Model" refUID="1" major="1" minor="0" iteration="6" patch="6" revision="0" admin="false">
			<deliveryItem name="database_generic_model_1.0.6.6" artefact="database_generic_model_1.0.6.6" artefactType="DELIVERY"/>
		</module>
		<module name="Database Oracle Model" refUID="276" major="1" minor="0" iteration="6" patch="5" revision="0" admin="false">
			<deliveryItem name="database_oracle_model_1.0.6.5" artefact="database_oracle_model_1.0.6.5" artefactType="DELIVERY"/>
		</module>
	</dependencies>
	<requirements>
		<delivery name="nextep_admin_1.0.0.2"/>
		<delivery name="database_generic_model_1.0.6.6"/>
	</requirements>
	<category name="sysdbaScripts" path="SYSDBA"/>
	<category name="dataDeletions" path="DATADEL"/>
	<category name="ddlScripts" path="DDL"/>
	<category name="dmlScripts" path="DML"/>
	<category name="dataDefinitions" path="DATA">
		<deliveryItem name="oracle.update.current_version" artefact="oracle.update.current_version.sql" artefactType="SQL" vendor="ORACLE"/>
		<deliveryItem name="mysql.update.current_version" artefact="mysql.update.current_version.sql" artefactType="SQL" vendor="MYSQL"/>
		<deliveryItem name="postgre.update.current_version" artefact="postgre.update.current_version.sql" artefactType="SQL" vendor="POSTGRE"/>
		<deliveryItem name="db2.update.current_version" artefact="db2.update.current_version.sql" artefactType="SQL" vendor="DB2"/>
		<deliveryItem name="jdbc.update.current_version" artefact="jdbc.update.current_version.sql" artefactType="SQL" vendor="JDBC"/>
		<deliveryItem name="derby.update.current_version" artefact="derby.update.current_version.sql" artefactType="SQL" vendor="DERBY"/>
		<deliveryItem name="mssql.update.current_version" artefact="mssql.update.current_version.sql" artefactType="SQL" vendor="MSSQL"/>
	</category>
	<category name="miscScripts" path="MISC"/>
	<checkRelease>
		<object name="NXTP_REPOSITORY_VERSION" type="TABLE"/>
		<object name="NXTP_REPOSITORY_VERSION.MAJOR" type="COLUMN"/>
		<object name="NXTP_REPOSITORY_VERSION.MINOR" type="COLUMN"/>
		<object name="NXTP_REPOSITORY_VERSION.ITERATION" type="COLUMN"/>
		<object name="NXTP_REPOSITORY_VERSION.PATCH" type="COLUMN"/>
	</checkRelease>
</delivery>