<?xml version="1.0" encoding="UTF-8"?>
<delivery name="Repository" refUID="19" admin="false" first="false" dbVendor="JDBC">
	<release mode="range">
		<initial major="1" minor="0" iteration="6" patch="3" revision="0" create="false"/>
		<target major="1" minor="0" iteration="6" patch="4" revision="0"/>
	</release>
	<category name="sysdbaScripts" path="SYSDBA"/>
	<category name="dataDeletions" path="DATADEL"/>
	<category name="ddlScripts" path="DDL">
		<deliveryItem name="oracle.repository_1.0.6.4" artefact="oracle.repository_1.0.6.4.sql" artefactType="SQL" vendor="ORACLE"/>
		<deliveryItem name="mysql.repository_1.0.6.4" artefact="mysql.repository_1.0.6.4.sql" artefactType="SQL" vendor="MYSQL"/>
		<deliveryItem name="postgre.repository_1.0.6.4" artefact="postgre.repository_1.0.6.4.sql" artefactType="SQL" vendor="POSTGRE"/>
		<deliveryItem name="db2.repository_1.0.6.4" artefact="db2.repository_1.0.6.4.sql" artefactType="SQL" vendor="DB2"/>
		<deliveryItem name="mssql.repository_1.0.6.4" artefact="mssql.repository_1.0.6.4.sql" artefactType="SQL" vendor="MSSQL"/>
	</category>
	<category name="dmlScripts" path="DML"/>
	<category name="dataDefinitions" path="DATA"/>
	<category name="miscScripts" path="MISC"/>
	<checkRelease>
		<object name="REP_MODULES" type="TABLE"/>
		<object name="hibernate_unique_key" type="TABLE"/>
		<object name="CONTENT_VERS_FK" type="INDEX"/>
		<object name="NPAT_MOD_FK" type="INDEX"/>
		<object name="REP_VERSIONS" type="TABLE"/>
		<object name="REP_VERSIONABLES" type="TABLE"/>
		<object name="FILE_REF_FK" type="INDEX"/>
		<object name="REP_MODULE_CONTENTS" type="TABLE"/>
		<object name="MFIL_REF_FK_I" type="INDEX"/>
		<object name="MOD_CONT_VERS_FK" type="INDEX"/>
		<object name="VERSION_VREF_FK" type="INDEX"/>
		<object name="REP_VERSION_VIEWS" type="TABLE"/>
		<object name="VERSION_BRANCH_FK" type="INDEX"/>
		<object name="VERSION_USR_FK" type="INDEX"/>
		<object name="MERGEFROM_VERSION_FK" type="INDEX"/>
		<object name="REP_NAME_PATTERNS" type="TABLE"/>
		<object name="VERSION_ACTI_FK" type="INDEX"/>
		<object name="REP_PROPERTIES" type="TABLE"/>
		<object name="VERSION_VERSION_FK" type="INDEX"/>
		<object name="REP_FILES" type="TABLE"/>
		<object name="REP_USERS" type="TABLE"/>
		<object name="REP_VIEW_CONTENTS" type="TABLE"/>
		<object name="REP_MODULE_FILTERS" type="TABLE"/>
		<object name="REP_BRANCHES" type="TABLE"/>
		<object name="REP_VERSION_REFERENCES" type="TABLE"/>
		<object name="REP_USER_RIGHTS" type="TABLE"/>
		<object name="REP_ACTIVITIES" type="TABLE"/>
		<object name="REP_ACTIVITIES.ACTIVITY_ID" type="COLUMN"/>
		<object name="REP_ACTIVITIES.ACTIVITY_NAME" type="COLUMN"/>
		<object name="REP_ACTIVITIES.DESCRIPTION" type="COLUMN"/>
		<object name="REP_BRANCHES.BRANCH_ID" type="COLUMN"/>
		<object name="REP_BRANCHES.BRANCH_NAME" type="COLUMN"/>
		<object name="REP_BRANCHES.DESCRIPTION" type="COLUMN"/>
		<object name="REP_FILES.FILE_ID" type="COLUMN"/>
		<object name="REP_FILES.FILE_REFID" type="COLUMN"/>
		<object name="REP_FILES.FILE_CONTENT" type="COLUMN"/>
		<object name="REP_FILES.FILENAME" type="COLUMN"/>
		<object name="REP_FILES.DESCRIPTION" type="COLUMN"/>
		<object name="REP_FILES.FILESIZE" type="COLUMN"/>
		<object name="REP_FILES.IMPORT_DATE" type="COLUMN"/>
		<object name="REP_MODULES.VERSION_ID" type="COLUMN"/>
		<object name="REP_MODULES.MODULE_NAME" type="COLUMN"/>
		<object name="REP_MODULES.SHORT_NAME" type="COLUMN"/>
		<object name="REP_MODULES.DESCRIPTION" type="COLUMN"/>
		<object name="REP_MODULES.DBVENDOR" type="COLUMN"/>
		<object name="REP_MODULE_CONTENTS.MODULE_ID" type="COLUMN"/>
		<object name="REP_MODULE_CONTENTS.VERSION_ID" type="COLUMN"/>
		<object name="REP_MODULE_FILTERS.MODULE_REFID" type="COLUMN"/>
		<object name="REP_MODULE_FILTERS.FILTER_REGEX_PATTERN" type="COLUMN"/>
		<object name="REP_MODULE_FILTERS.FILTER_TYPEID" type="COLUMN"/>
		<object name="REP_MODULE_FILTERS.FILTER_ID" type="COLUMN"/>
		<object name="REP_NAME_PATTERNS.NPAT_ID" type="COLUMN"/>
		<object name="REP_NAME_PATTERNS.TYPE_ID" type="COLUMN"/>
		<object name="REP_NAME_PATTERNS.MODULE_ID" type="COLUMN"/>
		<object name="REP_NAME_PATTERNS.PATTERN_STRING" type="COLUMN"/>
		<object name="REP_PROPERTIES.PROP_ID" type="COLUMN"/>
		<object name="REP_PROPERTIES.PROP_NAME" type="COLUMN"/>
		<object name="REP_PROPERTIES.PROP_VALUE" type="COLUMN"/>
		<object name="REP_USERS.USER_ID" type="COLUMN"/>
		<object name="REP_USERS.LOGIN" type="COLUMN"/>
		<object name="REP_USERS.PASSWORD" type="COLUMN"/>
		<object name="REP_USERS.USERNAME" type="COLUMN"/>
		<object name="REP_USERS.DESCRIPTION" type="COLUMN"/>
		<object name="REP_USERS.IS_ADMIN" type="COLUMN"/>
		<object name="REP_USERS.IS_ENABLED" type="COLUMN"/>
		<object name="REP_USERS.SECURED_PASSWORD" type="COLUMN"/>
		<object name="REP_USER_RIGHTS.USER_ID" type="COLUMN"/>
		<object name="REP_USER_RIGHTS.RIGHT_NAME" type="COLUMN"/>
		<object name="REP_VERSIONABLES.VERSION_ID" type="COLUMN"/>
		<object name="REP_VERSIONS.USER_ID" type="COLUMN"/>
		<object name="REP_VERSIONS.BRANCH_ID" type="COLUMN"/>
		<object name="REP_VERSIONS.VERSION_ID" type="COLUMN"/>
		<object name="REP_VERSIONS.REL_MAJOR" type="COLUMN"/>
		<object name="REP_VERSIONS.REL_MINOR" type="COLUMN"/>
		<object name="REP_VERSIONS.REL_ITERATION" type="COLUMN"/>
		<object name="REP_VERSIONS.REL_PATCH" type="COLUMN"/>
		<object name="REP_VERSIONS.REL_REVISION" type="COLUMN"/>
		<object name="REP_VERSIONS.STATUS_CODE" type="COLUMN"/>
		<object name="REP_VERSIONS.DESCRIPTION" type="COLUMN"/>
		<object name="REP_VERSIONS.PREVIOUS_VERSION_ID" type="COLUMN"/>
		<object name="REP_VERSIONS.VREF_ID" type="COLUMN"/>
		<object name="REP_VERSIONS.ACTIVITY_ID" type="COLUMN"/>
		<object name="REP_VERSIONS.CDATE" type="COLUMN"/>
		<object name="REP_VERSIONS.UDATE" type="COLUMN"/>
		<object name="REP_VERSIONS.MERGEFROM_VERSION_ID" type="COLUMN"/>
		<object name="REP_VERSIONS.UPDATE_REVISION" type="COLUMN"/>
		<object name="REP_VERSIONS.IS_DROPPED" type="COLUMN"/>
		<object name="REP_VERSIONS.VERSION_TAG" type="COLUMN"/>
		<object name="REP_VERSION_REFERENCES.VREF_ID" type="COLUMN"/>
		<object name="REP_VERSION_REFERENCES.VERSION_TYPE" type="COLUMN"/>
		<object name="REP_VERSION_REFERENCES.ARBITRARY_NAME" type="COLUMN"/>
		<object name="REP_VERSION_REFERENCES.CDATE" type="COLUMN"/>
		<object name="REP_VERSION_REFERENCES.IS_VOLATILE" type="COLUMN"/>
		<object name="REP_VERSION_VIEWS.VIEW_ID" type="COLUMN"/>
		<object name="REP_VERSION_VIEWS.VIEW_NAME" type="COLUMN"/>
		<object name="REP_VERSION_VIEWS.DESCRIPTION" type="COLUMN"/>
		<object name="REP_VERSION_VIEWS.DBVENDOR" type="COLUMN"/>
		<object name="REP_VERSION_VIEWS.UPDATE_REVISION" type="COLUMN"/>
		<object name="REP_VIEW_CONTENTS.VIEW_ID" type="COLUMN"/>
		<object name="REP_VIEW_CONTENTS.VERSION_ID" type="COLUMN"/>
		<object name="hibernate_unique_key.NEXT_HI" type="COLUMN"/>
	</checkRelease>
</delivery>