<?xml version="1.0" encoding="UTF-8"?>
<delivery name="Nextep Admin" refUID="99999999999" admin="false" first="false" dbVendor="JDBC">
	<release mode="range">
		<initial major="1" minor="0" iteration="0" patch="1" revision="0" create="false"/>
		<target major="1" minor="0" iteration="0" patch="2" revision="0"/>
	</release>
	<category name="sysdbaScripts" path="SYSDBA"/>
	<category name="dataDeletions" path="DATADEL"/>
	<category name="ddlScripts" path="DDL">
		<deliveryItem name="oracle.nextep_admin_1.0.0.2" artefact="oracle.nextep_admin_1.0.0.2.sql" artefactType="SQL" vendor="ORACLE"/>
		<deliveryItem name="mysql.nextep_admin_1.0.0.2" artefact="mysql.nextep_admin_1.0.0.2.sql" artefactType="SQL" vendor="MYSQL"/>
		<deliveryItem name="postgre.nextep_admin_1.0.0.2" artefact="postgre.nextep_admin_1.0.0.2.sql" artefactType="SQL" vendor="POSTGRE"/>
		<deliveryItem name="db2.nextep_admin_1.0.0.2" artefact="db2.nextep_admin_1.0.0.2.sql" artefactType="SQL" vendor="DB2"/>
		<deliveryItem name="mssql.nextep_admin_1.0.0.2" artefact="mssql.nextep_admin_1.0.0.2.sql" artefactType="SQL" vendor="MSSQL"/>
	</category>
	<category name="dmlScripts" path="DML"/>
	<category name="dataDefinitions" path="DATA"/>
	<category name="miscScripts" path="MISC"/>
	<checkRelease>
		<object name="NADM_RELEASE_OBJECTS" type="TABLE"/>
		<object name="NADM_INSTALLED_RELEASES" type="TABLE"/>
		<object name="NADM_RELEASE_LOGS" type="TABLE"/>
		<object name="NADM_MODULES" type="TABLE"/>
		<object name="NADM_INSTALLED_RELEASES.MODULE_REFID" type="COLUMN"/>
		<object name="NADM_INSTALLED_RELEASES.REL_MAJOR" type="COLUMN"/>
		<object name="NADM_INSTALLED_RELEASES.REL_MINOR" type="COLUMN"/>
		<object name="NADM_INSTALLED_RELEASES.REL_ITERATION" type="COLUMN"/>
		<object name="NADM_INSTALLED_RELEASES.REL_PATCH" type="COLUMN"/>
		<object name="NADM_INSTALLED_RELEASES.LAST" type="COLUMN"/>
		<object name="NADM_INSTALLED_RELEASES.OWNER" type="COLUMN"/>
		<object name="NADM_INSTALLED_RELEASES.IREL_ID" type="COLUMN"/>
		<object name="NADM_INSTALLED_RELEASES.REL_REVISION" type="COLUMN"/>
		<object name="NADM_INSTALLED_RELEASES.CDATE" type="COLUMN"/>
		<object name="NADM_INSTALLED_RELEASES.STATUS" type="COLUMN"/>
		<object name="NADM_INSTALLED_RELEASES.OWNER_DATABASE" type="COLUMN"/>
		<object name="NADM_MODULES.MODULE_REFID" type="COLUMN"/>
		<object name="NADM_MODULES.MODULE_NAME" type="COLUMN"/>
		<object name="NADM_MODULES.CDATE" type="COLUMN"/>
		<object name="NADM_MODULES.UDATE" type="COLUMN"/>
		<object name="NADM_MODULES.DESCRIPTION" type="COLUMN"/>
		<object name="NADM_RELEASE_LOGS.CDATE" type="COLUMN"/>
		<object name="NADM_RELEASE_LOGS.LOG_TEXT" type="COLUMN"/>
		<object name="NADM_RELEASE_LOGS.IREL_ID" type="COLUMN"/>
		<object name="NADM_RELEASE_OBJECTS.OBJECT_TYPE" type="COLUMN"/>
		<object name="NADM_RELEASE_OBJECTS.OBJECT_NAME" type="COLUMN"/>
		<object name="NADM_RELEASE_OBJECTS.IREL_ID" type="COLUMN"/>
	</checkRelease>
</delivery>